product_id,type_id,name,contact,date_produced,produced_by,date_posted,posted_by,date_updated,updated_by,note
1001,1,lat20190213,pwg-pmn,2019-02-13,pwg-pmn,2019-02-13,pwg-pmn,2019-02-13,pwg-pmn,"- This is a dummy test with a lat map
- This should not depend on any beam"
1002,3,xyz-s1234-20200101,abc-def,2019-03-15,abc-def,2019-03-15,abc-def,,,"- note 1
- note 2"
1010,2,20180101,pwg-pmn,2018-01-01,pwg-pmn,2018-01-01,pwg-pmn,,,- test entry
1012,1,lat20200120,pwg-pmn,2020-01-20,pwg-pmn,2020-01-20,pwg-pmn,2020-01-20,pwg-pmn,"- This is a dummy test with a lat map
- A beam depends on this map"
1013,1,lat20200201,pwg-pmn,2020-02-01,pwg-pmn,2020-02-01,pwg-pmn,2020-02-01,pwg-pmn,"- This is a dummy test with a lat map
- A beam depends on this map"
1070,2,20190304,pwg-pmn,2019-03-04,pwg-pmn,2019-03-04,pwg-pmn,,,- test entry
1120,2,20190607,pwg-pmn,2019-06-07,pwg-pmn,2019-06-07,pwg-pmn,,,- test entry
1130,2,20200123,pwg-pmn,2020-01-23,pwg-pmn,2020-01-23,pwg-pmn,,,- test entry
1150,2,20200207,pwg-pmn,2020-02-07,pwg-pmn,2020-02-07,pwg-pmn,,,- test entry
1151,1,map-sunt,,2020-05-12,,2020-07-21,,,,
1152,1,map-quis,,2020-05-31,,2020-07-21,,,,
1153,1,map-esse,,2020-05-17,,2020-07-21,,,,
1155,1,map-culpa,,2020-01-24,,2020-07-21,,,,
1156,1,map-ex,,2020-02-01,,2020-07-21,,,,
1157,1,map-nisi,,2020-01-03,,2020-07-21,,,,
1158,1,map-excepteur,,2020-04-17,,2020-07-21,,,,
1159,1,map-est,,2020-03-04,,2020-07-21,,,,
1160,1,map-aute,,2020-03-18,,2020-07-21,,,,
1161,1,map-sit,,2020-04-09,,2020-07-21,,,,
1162,1,map-tempor,,2020-04-08,,2020-07-21,,,,
1163,1,map-velit,,2020-04-09,,2020-07-21,,,,
1164,1,map-nostrud,,2020-04-24,,2020-07-21,,,,
1165,1,map-officia,,2020-04-23,,2020-07-21,,,,
1166,1,map-duis,,2020-06-09,,2020-07-21,,,,
1167,1,map-exercitation,,2020-03-14,,2020-07-21,,,,
1168,1,map-consequat,,2020-07-10,,2020-07-21,,,,
1169,1,map-minim,,2020-03-20,,2020-07-21,,,,
1170,1,map-pariatur,,2020-05-13,,2020-07-21,,,,
1171,1,map-nulla,,2020-01-13,,2020-07-21,,,,
1172,1,map-irure,,2020-03-19,,2020-07-21,,,,
1173,1,map-ut,,2020-04-21,,2020-07-21,,,,
1174,1,map-do,,2020-03-19,,2020-07-21,,,,
1175,1,map-amet,,2020-01-22,,2020-07-21,,,,
1176,1,map-ullamco,,2020-01-23,,2020-07-21,,,,
1177,1,map-laboris,,2020-06-15,,2020-07-21,,,,
1178,1,map-commodo,,2020-06-14,,2020-07-21,,,,
1179,1,map-id,,2020-01-14,,2020-07-21,,,,
1180,1,map-sint,,2020-07-19,,2020-07-21,,,,
1181,1,map-fugiat,,2020-06-17,,2020-07-21,,,,
1182,1,map-lorem,,2020-05-06,,2020-07-21,,,,
1183,1,map-ad,,2020-05-19,,2020-07-21,,,,
1184,1,map-occaecat,,2020-05-26,,2020-07-21,,,,
1185,1,map-mollit,,2020-06-10,,2020-07-21,,,,
1186,1,map-in,,2020-02-13,,2020-07-21,,,,
1187,1,map-qui,,2020-05-29,,2020-07-21,,,,
1188,1,map-laborum,,2020-02-25,,2020-07-21,,,,
1189,1,map-ea,,2020-05-27,,2020-07-21,,,,
1190,1,map-proident,,2020-02-12,,2020-07-21,,,,
1191,1,map-sed,,2020-05-05,,2020-07-21,,,,
1192,1,map-et,s,2020-07-02,,2020-07-21,,2020-09-12,s,
1193,1,map-veniam,,2020-01-01,,2020-07-21,,,,
1194,1,map-non,,2020-02-22,,2020-07-21,,,,
1195,1,map-cillum,,2020-01-18,,2020-07-21,,,,
1196,1,map-elit,,2020-02-22,,2020-07-21,,,,
1197,1,map-voluptate,,2020-03-12,,2020-07-21,,,,
1198,1,map-enim,,2020-04-30,,2020-07-21,,,,
1199,1,map-labore,,2020-06-17,,2020-07-21,,,,
1200,1,map-dolore,,2020-02-20,,2020-07-21,,,,
1201,1,map-reprehenderit,,2020-02-27,,2020-07-21,,,,
1202,1,map-consectetur,,2020-03-13,,2020-07-21,,,,
1203,1,map-eu,,2020-05-31,,2020-07-21,,,,
1204,1,map-dolor,,2020-04-29,,2020-07-21,,,,
1205,1,map-deserunt,,2020-03-22,,2020-07-21,,,,
1206,1,map-aliqua,,2020-02-05,,2020-07-21,,,,
1207,1,map-eiusmod,,2020-01-09,,2020-07-21,,,,
1208,1,map-ipsum,,2020-06-03,,2020-07-21,,,,
1209,1,map-aliquip,,2020-03-24,,2020-07-21,,,,
1211,1,map-cupidatat,,2020-07-18,,2020-07-21,,,,
1212,2,b1,p,2020-07-23,p,2020-07-23,s,,,
1213,2,b2,p,2020-07-23,p,2020-07-23,s,,,
